15596977.2,16218144.469088448,15713993.00391969,15210485.8170628,14707622.19586688,14205401.42863453,13703822.804619692,13326833.907103818,12950244.743382785,12574054.983285272,12198264.296939569,11822872.35477316,11686938.039623374,11550543.872090884,11413690.851444062,11276379.975467196,11138612.240462482,11164896.507745348,11188878.85836083,11210563.09853521,11229953.029643085,11247052.448213637,11323750.941531057,11378878.834963841,11412470.092382198,11424558.637341844,11415178.353136033,11366980.608326178,11297340.060565583,11206287.369464938,11093853.16367339,10960068.040910507,10766545.240178486,10577192.155596774,10391970.756212024,10210843.087043867,10033771.268968213,9837692.851239115,9660560.623346603,9502182.071480092,9362365.030219933
15596977.2,15577169.038956,16197547.425612707,15694036.232804714,15191168.500075132,14688943.515678128,14187360.568820164,13686418.949657824,13309908.828041796,12933797.93255869,12558085.9334565,12182772.501282454,11807857.306882598,11672095.628313053,11535874.681373328,11399195.46406273,11262058.972898353,11124466.202917095,11150717.089180514,11174668.98221071,11196325.68340007,11215690.989295438,11232768.691604406,11309369.777835313,11364427.658843435,11397976.255364873,11410049.447872419,11400681.076627549,11352544.542953605,11282992.438688666,11192055.384505715,11079763.970155522,10946148.754498549,10752871.72772346,10563759.121559167,10378772.953351635,10197875.316323321,10021028.379456624,9825198.981318042,9648291.711354952,9490114.300249312
15596977.2,15577169.038956,15557386.034276526,16176976.540382177,15674104.806789052,15171875.716080036,14670288.557413217,14169342.620897762,13669037.19759176,13293005.243830182,12917372.009184338,12542137.16432101,12167300.380205825,11792861.328102857,11657272.066865094,11521224.120527983,11384718.48582337,11247756.158002773,11110338.13083939,11136555.678477254,11160477.152603304,11182106.349782152,11201447.061739035,11218503.075366069,11295006.87821746,11349994.835716706,11383500.82552056,11395558.685073622,11386202.211660232,11338126.811384054,11268663.038291533,11177841.474167395,11065692.669913426,10932247.145580336,10739215.580629252,10550343.147474788,10365591.911700878,10184924.01467159,10008301.673414715,9812720.978611767,9636038.380881533
15596977.2,15577169.038956,15557386.034276526,15537628.154012993,16156431.780175894,15654198.693684429,15152607.433920614,14651657.290945303,14151347.555769224,13651677.520350818,13276123.127170518,12900966.946732674,12526208.650122322,12151847.908722963,11777884.394216165,11642467.331340175,11506592.16589491,11370259.893346377,11233471.50768211,11096228.001413226,11122412.252765588,11146303.346619498,11167905.07471793,11187221.223970626,11204255.576460354,11280662.219482124,11335580.342275346,11369043.779472148,11381086.325543579,11371741.734851424,11323727.390333597,11254351.8362329,11163645.615495201,11051639.240222637,10918363.19170545,10725576.776841853,10536944.211677495,10352427.609973017,10171989.161172956,9995591.130289476,9800258.82296893
15596977.2,15577169.038956,15557386.034276526,15537628.154012993,15517895.366257396,16135913.11181507,15634317.86134345,15133363.622479536,14633049.686185801,14133375.344373398,13634339.889899973,13259262.450799014,12884582.718710326,12510300.365136668,12136415.061878886,11762926.48103551,11627681.397829372,11491978.793844227,11355819.663281828,11219204.998867353,11082135.791851431,11108286.789204575,11132147.541369291,11153721.835273039,11173013.453016184,11190026.171878248,11266335.778463382,11321184.155240657,11354605.09387222,11366632.345910136,11357299.622848164,11309346.256547872,11240058.809400886,11149467.785563521,11037603.658387555,10904496.870451983,10711955.294335265,10523562.292528665,10339280.026908353,10159070.734938268,9982896.729554009
14188400.8,15577169.038956,15557386.034276526,15537628.154012993,15517895.366257396,15498187.639142249,16115420.502163067,15614462.277659543,15114144.250678986,14614465.713084346,14115425.957686042,13617024.278239802,13242423.1874865,12868219.298657563,12494412.283672944,12121001.814750299,11747987.564404596,11612914.24245413,11477383.980776044,11341397.77230946,11204956.608518794,11068061.47939578,11094179.264982287,11118009.713991754,11139556.608542241,11158823.725930851,11175814.838639963,11252027.532024734,11306806.251363501,11340184.745403003,11352196.722830832,11342875.852327146,11294983.386802057,11225783.934712946,11135307.961475857,11023585.901741404,10890648.15942651,10698351.111111458,10510197.368417155,10326149.141274178,10146168.715104897
14188400.8,14170381.530984,15557386.034276526,15537628.154012993,15517895.366257396,15498187.639142249,15478504.940840539,16094953.91812532,15594631.910566917,15094949.287480626,14595905.34162873,14097499.366719782,13599730.657406438,13225605.310038392,12851876.660148267,12478544.38007268,12105608.142445568,11733067.6201978,11598165.841366213,11462807.703120459,11326994.197138626,11190726.313625973,11054005.041316949,11080089.657315757,11103889.841654982,11125409.371649392,11144652.01979892,11161621.55379489,11237737.457059063,11292446.60742427,11325782.71077634,11337779.432992836,11328470.399994692,11280638.75790082,11211527.189115861,11121166.120364781,11009585.94764619,10876817.036264038,10684764.205200348,10496849.417759266,10313034.93186476
14188400.8,14170381.530984,14152385.146439651,15537628.154012993,15517895.366257396,15498187.639142249,15478504.940840539,15458847.239565672,16074513.3266493,15574826.728040498,15075778.701885525,14577368.541844862,14079595.542524047,13582458.99947153,13208808.791294642,12835554.776789878,12462696.628709987,12090234.020104662,11718166.62432015,11583436.170747679,11448249.937337495,11312608.914508259,11176514.091207668,11039966.454914477,11066017.943450967,11089787.901556082,11111280.1017474,11130498.311733775,11147446.294421572,11223465.5304886,11278105.200232841,11311398.966733655,11323380.453112938,11314083.242586698,11266312.346678283,11197288.549585685,11107042.23939192,10995603.773492679,10863003.478627982,10671194.554659743,10483518.41899871
14188400.8,14170381.530984,14152385.146439651,14134411.617303673,15517895.366257396,15498187.639142249,15478504.940840539,15458847.239565672,15439214.503571425,16054098.694724455,15555046.698095884,15056632.46293413,14558855.283796718,14061714.456185043,13565209.276542202,13192033.604129698,12819253.622223355,12446869.003991526,12074879.42289913,11703284.552707264,11568725.20681083,11433710.659917077,11298241.901186833,11162319.918311834,11025945.697516736,11051964.100662785,11075703.870921105,11097168.77601818,11116362.578877874,11133289.037627656,11209211.729264878,11263782.006628547,11297033.490045903,11308999.759937484,11299714.356868614,11252004.129998002,11183067.993127711,11092936.295747891,10981639.356700346,10849207.464210127,10657642.137575326
14188400.8,14170381.530984,14152385.146439651,14134411.617303673,14116460.914549697,15498187.639142249,15478504.940840539,15458847.239565672,15439214.503571425,15419606.701151889,16033709.989382155,15535291.788789304,15037510.539706204,14540365.537586294,14043856.07882569,13547981.460760992,13175279.721452452,12802973.17012313,12431061.480356455,12059544.32603205,11688421.381325327,11554032.925798181,11419189.847378982,11283893.133972326,11148143.772015579,11011942.74648089,11037928.106254943,11061637.727005035,11083075.371672638,11102244.7984027,11119149.76054987,11194976.030368712,11249477.003480129,11282686.257513545,11294637.330242362,11285363.71963539,11237714.084752902,11168865.49677644,11078848.266652294,10967692.674717335,10835428.970730577
13614844.600000001,14170381.530984,14152385.146439651,14134411.617303673,14116460.914549697,14098533.009188218,15478504.940840539,15458847.239565672,15439214.503571425,15419606.701151889,15400023.800641429,16013347.17769564,15515561.96821754,15018412.901320778,14521899.273353562,14026020.38160558,13530775.524305826,13158547.11620621,12786713.394197073,12415274.032276403,12044228.704737987,11673577.086171042,11539359.303982418,11404687.47627281,11269562.589692181,11133985.62942512,10997957.579192858,11023909.93756,11047589.44709174,11068999.865950612,11088144.94750873,11105028.440353971,11180758.410810143,11235190.167685708,11268357.245966502,11280293.140832957,11271031.307711452,11223442.187865268,11154681.037595533,11064778.129353644,10953763.705020444
13614844.600000001,13611849.334187998,14167264.047047181,14149271.621707432,14131302.046747863,14113355.293148495,14095431.331926195,15475099.669753553,15455446.293172967,15435817.876380637,15416214.387677636,15396635.795405284,16009824.241316546,15512148.544584531,15015108.850482486,14518704.455513421,14022934.657121625,13527798.753690477,13155652.235840641,12783900.317250349,12412542.6719893,12041578.974422947,11671008.899212085,11536820.64493554,11402178.44502803,11267083.285922447,11131536.152586645,10995538.028525434,11021484.677373733,11045158.977413375,11066564.685980104,11085705.555620275,11102585.334097091,11178298.643959763,11232718.425848816,11265878.207372388,11277811.476341972,11268551.680823755,11220973.030583937,11152227.00776726,11062343.878165185
13614844.600000001,13611849.334187998,13608854.727334473,14164147.24895683,14146158.781950656,14128193.16029758,14110250.354984,14092330.33703317,15471695.147826206,15452046.094988465,15432421.996447831,15412822.820512343,15393248.535530293,16006302.079983454,15508735.871904721,15011805.526535377,14515510.340533208,14019849.61149706,13524822.637964666,13152757.992348757,12781087.859180551,12409811.91260146,12038929.82704857,11668441.277254257,11534282.544393651,11399669.965770122,11264604.527599543,11129087.214633074,10993119.010159157,11019059.95074471,11042729.042438343,11064130.041749187,11083266.70039804,11100142.765323587,11175839.418258091,11230247.227795126,11263399.714166764,11275330.357817175,11266072.599453973,11218504.416517206,11149773.517825551
13614844.600000001,13611849.334187998,13608854.727334473,13605860.77929446,14161031.136562057,14143046.627018625,14125084.95780231,14107146.0999059,14089230.024359021,15468291.37489368,15448646.644847568,15429026.86360861,15409431.99949183,15389862.020852476,16002780.693525856,15505323.9500129,15008502.92931954,14512316.92825829,14016765.244582526,13521847.176984312,13149864.385590438,12778276.01985153,12407081.753980689,12036281.262486618,11665874.22017326,11531745.002233885,11397162.03837765,11262126.314603468,11126638.815445853,10990700.52397692,11016635.757555544,11040299.642049007,11061695.933139998,11080828.38172395,11097700.733915213,11173380.733586073,11227776.573405009,11260921.766229648,11272849.785138454,11263594.06348209,11216036.345545571
13614844.600000001,13611849.334187998,13608854.727334473,13605860.77929446,13602867.489923012,14157915.709712012,14139935.15676068,14121977.439111594,14104042.52776392,14086130.39375366,15464888.350791201,15445247.9425857,15425632.477698613,15406041.92445194,15386476.251207888,15999260.081773277,15501912.778743895,15005201.058675088,14509124.218534071,14013681.556228718,13518872.370605374,13146971.415425606,12775464.799127162,12404352.195994811,12033633.28060887,11663307.727844821,11529208.01833339,11394654.662729207,11259648.646814255,11124190.954906454,10988282.569861643,11014212.097688882,11037870.776127756,11059262.360034708,11078390.59947997,11095259.239753753,11170922.589824684,11225306.46255886,11258444.363441076,11270369.758185722,11261116.072788125
13330279.2,13611849.334187998,13608854.727334473,13605860.77929446,13602867.489923012,13599874.859075228,14154800.968255874,14136824.371026192,14118870.604074987,14100939.63840781,14083031.445067033,15461486.075354027,15441849.988038328,15422238.838553518,15402652.595228558,15383091.226432618,15995740.244555287,15498502.35793257,15001899.914442178,14505932.211205993,14010598.546286346,13515898.218683839,13144079.081714213,12772654.196871351,12401623.238511693,12030985.881287135,11660741.800144695,11526671.592569355,11392147.838703405,11257171.524111954,11121743.632896375,10985865.147696273,11011788.97102739,11035442.444557006,11056829.322315497,11075953.353548083,11092818.282721005,11168464.986854918,11222836.895137098,11255967.505681116,11267890.27683892
13330279.2,13326946.630199999,13608446.37185445,13605452.51365264,13602459.314099634,13599466.773050532,13596474.890360458,14151262.268013809,14133290.164933434,14115340.886423968,14097414.403498206,14079510.687205765,15457620.703835186,15437989.525541317,15418383.278843878,15398801.932079751,15379245.45362601,15991741.309494145,15494627.732343085,14998149.439463567,14502305.728153188,14007095.896649774,13512519.244129168,13140793.061943782,12769461.033322133,12398522.832702063,12027978.134816812,11657826.614694659,11523789.92467121,11389299.801743729,11254357.231230926,11118963.19698815,10983118.681409348,11009036.02378463,11032683.583945865,11054065.114984918,11073184.365209695,11090045.078150325,11165672.870608207,11220031.185913311,11253153.513804695
13330279.2,13326946.630199999,13323614.893542448,13605044.260261483,13602051.150524225,13599058.699271107,13596066.906357266,13593075.771637864,14147724.452446803,14129756.842392199,14111812.05120236,14093890.049897332,14075990.809533963,15453756.298659226,15434130.02815993,15414528.683024164,15394952.231596729,15375400.642262602,15987743.37416677,15490754.075409997,14994399.9021037,14498680.15172115,14003594.12267561,13509141.114318134,13137507.863678295,12766268.6680638,12395423.201993886,12024971.140283108,11654912.158040982,11520908.977190042,11386452.476793293,11251543.641923118,11116183.456188902,10980372.901738994,11006283.764778685,11029925.413049877,11051301.59870617,11070416.069118392,11087272.566880785,11162881.452390552,11217226.178116832
13330279.2,13326946.630199999,13323614.893542448,13320283.989819061,13601642.999196418,13598650.637736592,13595658.934596289,13592667.889630677,13589677.502694957,14144187.52133369,14126224.4031816,14108284.098189559,14090366.577384856,14072471.811831579,15449892.85958456,15430271.495652888,15410675.050853409,15391103.493538827,15371556.792102035,15983746.438323226,15486881.386891142,14990651.302128172,14495055.481683217,14000093.22414494,13505763.829039553,13134223.486712376,12763077.100896783,12392324.346193388,12021964.897498034,11651998.430001471,11518028.749945743,11383605.863674093,11248730.756012637,11113404.410324855,10977627.80851356,11003532.19383749,11027167.931696614,11048538.773306493,11067648.46510111,11084500.748739064,11160090.732027454
13330279.2,13326946.630199999,13323614.893542448,13320283.989819061,13316953.918821605,13598242.588446617,13595250.97507716,13592260.019862637,13589269.72265827,13586280.08331928,14140651.474453356,14122692.847080803,14104757.02716501,14086843.985740507,14068953.69387862,15446030.386369664,15426413.927778974,15406822.382090695,15387255.717665441,15367713.90290401,15979750.501713645,15483009.666544419,14986903.639302637,14491431.717812795,13996593.200838901,13502387.388082292,13130939.930840697,12759886.331621557,12389226.265106838,12018959.40627366,11649085.430393972,11515149.242758255,11380759.962208174,11245918.573323632,11110626.059222274,10974883.40156143,11000781.310789028,11024411.13971369,11045776.638613164,11064881.552984834,11081729.62355188
16989922.6,13326946.630199999,13323614.893542448,13320283.989819061,13316953.918821605,13313624.6803419,13594843.027799506,13591852.162333388,13588861.95485767,13585872.405227605,13582883.51329845,14137116.31158474,14119162.17386903,14101230.837908218,14083322.274744071,14065436.45545515,15442168.87877307,15422557.324297026,15402970.676495168,15383408.903736025,15363871.974428281,15975755.564088216,15479138.914127782,14983156.913392812,14487808.859883342,13993094.052538693,13499011.791235272,13127657.195857983,12756696.360038653,12386128.958540559,12015954.666422088,11646173.159036372,11512270.455447566,11377914.77221762,11243107.0936803,11107848.402707467,10972139.680711038,10998031.115461329,11021655.03692876,11043015.194453511,11062115.332596585
16989922.6,16984825.623220004,13322948.54621094,13319617.809074387,13316287.904622117,13312958.83264596,13309630.592937797,13590764.574891165,13587774.606684688,13584785.296271212,13581796.643506037,13578808.64824446,14132875.176691266,14114926.42521687,14097000.468656845,14079097.278061647,14061216.824518513,15437536.22810944,15417930.55709974,15398349.78529222,15378793.881064905,15359262.812835954,15970962.83741899,15474495.172453545,14978661.966318795,14483462.517225377,13988896.12432293,13494962.0876979,13123718.898699228,12752869.351130642,12382413.119852997,12012349.880022164,11642679.307088662,11508816.774310932,11374501.397785958,11239734.161552195,11104516.048186656,10968848.038806826,10994731.70612669,11018348.540417682,11039702.289895175
16989922.6,16984825.623220004,16979730.175533034,13318951.661647078,13315621.923731666,13312293.01825073,13308964.944996167,13305637.703759914,13586687.345518697,13583698.274302684,13580709.860682333,13577722.104512986,13574735.005649986,14128635.31413826,14110691.947289307,14092771.368516248,14074873.54887823,14056998.459471159,15432904.967241008,15413305.177932609,15393730.280356634,15374180.242900586,15354655.033992104,15966171.548567764,15469852.82390181,14974168.3677289,14479117.47847021,13984699.455485635,13490913.599071592,13119781.783029618,12749043.490325302,12378698.395917043,12008746.175058158,11639186.503296535,11505364.129278637,11371089.047366623,11236362.24130373,11101184.6933722,10965557.384395184,10991433.286614854,11015043.035855556
16989922.6,16984825.623220004,16979730.175533034,16974636.256480377,13314955.976148583,13311627.237154547,13308299.330345254,13304972.255512668,13301646.012448788,13582611.339315042,13579623.164820394,13576635.64772413,13573648.787881631,13570662.585148292,14124396.723544016,14106458.73970512,14088543.537105694,14070651.086813567,14052781.359933317,15428275.095750835,15408681.186379228,15389112.161272528,15369567.988827717,15350048.637481906,15961381.697103195,15465211.86805464,14969676.117218582,14474773.74322667,13980504.045648988,13486866.32499187,13115845.848494709,12745218.777278205,12374984.786398266,12005143.55120564,11635694.747345548,11501912.520039856,11367677.720652413,11232991.332631338,11097854.337964188,10962267.717179867,10988135.856628869
16989922.6,16984825.623220004,16979730.175533034,16974636.256480377,16969543.865603432,13310961.48935574,13307633.748983402,13304306.84054615,13300980.763836015,13297655.518645052,13578536.555913247,13575549.27787095,13572562.657029811,13569576.693245267,13566591.386372749,14120159.404526956,14102226.80208321,14084316.974044563,14066429.891487524,14048565.525525339,15423646.613222111,15404058.582023315,15384495.427624147,15364957.118431069,15345443.622890662,15956593.282594062,15460572.304494223,14965185.214383416,14470431.311103702,13976309.894435294,13482820.265094373,13111911.09474016,12741395.211645022,12371272.29096235,12001542.00814028,11632204.038921345,11498461.946283843,11364267.417336218,11229621.435231552,11094524.981662799,10958979.036864713
24122084.0,16984825.623220004,16979730.175533034,16974636.256480377,16969543.865603432,16964453.002443753,13306968.200908933,13303641.458858706,13300315.548493987,13296990.469606865,13293666.22198946,13574462.994946474,13571476.613087587,13568490.888232704,13565505.820237296,13562521.408956837,14115923.356705597,14097996.134042583,14080091.678952351,14062209.962520078,14044350.955867682,15419019.519238144,15399437.364448708,15379880.078995861,15360347.63129554,15340839.989803795,15951806.304609286,15455934.132802874,14960695.658819102,14466090.18171037,13972117.001466963,13478775.419014847,13107977.52141174,12737572.79308153,12367560.90927506,11997941.54553784,11628714.377709668,11495012.407699957,11360858.137111016,11226252.54880098,11091196.624168303
24122084.0,24113158.82892,16978541.237739407,16973447.675368086,16968355.64106548,16963265.13437316,16958176.154832847,13302044.622674596,13298719.111518929,13295394.431741044,13292070.583133109,13288747.565487321,13569440.443638343,13566455.166740745,13563470.546604058,13560486.583083807,13557503.276035521,14110700.465063615,14092779.875472985,14074882.045031138,14057006.944833944,14039154.546014009,15413314.482016027,15393739.572623862,15374189.52336663,15354664.302671958,15335163.879007567,15945904.136276579,15450215.437173735,14955160.20142534,14460737.728343137,13966947.318176419,13473788.27210981,13103127.569728816,12732859.89114809,12362984.911738627,11993502.307165988,11624411.753389915,11490759.253109109,11356654.619600285,11222098.835357925
24122084.0,24113158.82892,24104236.960153297,16972259.177481443,16967167.4997282,16962077.349478282,16956988.72627344,16951901.629655555,13297122.866164204,13293798.585447665,13290475.135801297,13287152.517017348,13283830.72888809,13564419.750674196,13561435.578329049,13558452.062501814,13555469.203048065,13552486.999823388,14105479.50589154,14087565.546919059,14069674.338674475,14051805.852264354,14033960.058831982,15407611.555657677,15388043.88898199,15368501.073242983,15348983.076879967,15329489.868372332,15940004.151746156,15444498.857461981,14949626.79215081,14455387.25538365,13961779.547668694,13468802.97044913,13098279.412528016,12728148.732988365,12358410.607321285,11989064.711312337,11620110.721041162,11486507.672185456,11352452.657391032
24122084.0,24113158.82892,24104236.960153297,24095318.392478038,16965979.44158577,16960889.6477533,16955801.380858973,16950714.640444715,16945629.426052585,13292202.930703722,13288879.87997105,13285557.660001049,13282236.27058605,13278915.7115184,13559400.915366445,13556417.847165067,13553435.435238685,13550453.679442935,13547472.579633452,14100260.47847436,14082353.147666696,14064468.559169162,14046606.684099015,14028767.493610214,15401910.739382084,15382350.312743064,15362814.727845881,15343303.953141522,15323817.957121033,15934106.35021001,15438784.39288472,14944095.43023771,14450038.762099158,13956613.689236056,13463819.513350062,13093433.049145378,12723439.317957157,12353837.995396573,11984628.75736915,11615811.280074375,11482257.664346747
24122084.0,24113158.82892,24104236.960153297,24095318.392478038,24086403.124672823,16959702.02919238,16954614.118583627,16949527.73434805,16944442.876027748,16939359.543164942,13287284.81561936,13283962.994415458,13280642.003666848,13277321.84316593,13274002.512705136,13554383.93702776,13551401.972561615,13548420.664127648,13545440.01158154,13542460.014778985,14095043.382097322,14077142.677002057,14059264.705802267,14041409.439625897,14023576.849637575,15396212.03240851,15376658.843127348,15357130.486396577,15337626.930678857,15318148.144476898,15928210.73086043,15433072.04265935,14938566.114928521,14444692.24775718,13951449.742171038,13458837.90013012,13088588.478917193,12718731.645409513,12349267.075338276,11980194.444728924,11611513.429900745
21672198.8,24113158.82892,24104236.960153297,24095318.392478038,24086403.124672823,24077491.15551669,16953426.93944158,16948340.91135975,16943256.409086343,16938173.43216362,16933091.98013397,13282368.52023758,13279047.928107522,13275728.16612549,13272409.234083958,13269091.131775433,13549368.814971056,13546387.953831766,13543407.748481918,13540428.198777253,13537449.304573515,14089828.216045946,14071934.134211566,14054062.777861118,14036214.118133236,14018388.12620321,15390515.433956517,15370969.47935539,15351448.348116608,15331952.008714505,15312480.42966344,15922317.292890009,15427361.806003563,14933038.845465995,14439347.711625509,13946287.705766432,13453858.130107071,13083745.701179992,12714025.71470071,12344697.846520402,11975761.772784375
21672198.8,21661362.700600006,24101102.24950554,24092184.84167322,24083270.7332818,24074359.923110485,24065452.409938935,16944950.22597186,16939866.74090407,16934784.7808818,16929704.345447533,16924625.4341439,13275727.335977461,13272408.404143468,13269090.302042427,13265773.029466916,13262456.586209547,13542594.130563572,13539614.75985485,13536636.044607677,13533657.984677866,13530680.579921229,14082783.301937923,14064898.16714446,14047035.74647219,14029196.01107417,14011378.932140108,15382820.17623954,15363283.994615711,15343772.62394255,15324286.032710148,15304824.18944861,15914356.134243567,15419648.125100562,14925572.326043265,14432128.037769694,13939314.56191355,13447131.201042019,13077203.828329403,12707668.701843362,12338525.497597141
21672198.8,21661362.700600006,21650532.019249704,24089051.698380787,24080138.749252386,24071229.097915158,24062322.74314893,24053419.683733966,16936477.750858873,16931396.80753362,16926317.388491362,16921239.493274815,16916163.121426832,13269089.472309474,13265772.199941397,13262455.756891407,13259140.142952183,13255825.35791644,13535822.833498292,13532844.952474922,13529867.726585373,13526891.155685527,13523915.23963127,14075741.910286956,14057865.71806089,14040012.228598954,14022181.413068634,14004373.242674038,15375128.76615142,15355602.352618406,15336100.73763058,15316623.889693795,15297171.777353885,15906398.956176445,15411938.301038012,14918109.539880246,14424911.973750811,13932344.904632594,13440407.635441499,13070665.22641524,12701314.867492441
21672198.8,21661362.700600006,21650532.019249704,21639706.75324008,24077007.172531597,24068098.679877758,24059193.483366203,24050291.581777357,24041392.9738921,16928009.511983447,16922931.109129854,16917854.229797117,16912778.873528175,16907705.03986612,13262454.92757332,13259139.313841429,13255824.529012963,13252510.572880708,13249197.445237484,13529054.922081541,13526078.529998686,13523102.792722082,13520127.710107686,13517153.282011455,14068704.039331812,14050836.785201862,14032992.222484656,14015170.322362099,13997371.056052702,15367441.201768346,15347924.551442098,15328432.687261768,15308965.577748947,15289523.191465206,15898445.756698357,15404232.331887495,14910650.485110305,14417699.517763937,13925378.732180279,13433687.43162378,13064129.893802032
21672198.8,21661362.700600006,21650532.019249704,21639706.75324008,21628886.89986346,24064968.668945335,24056064.630537823,24047163.886624523,24038266.435986467,24029372.277405158,16919545.507227454,16914469.643575292,16909395.30268222,16904322.484091416,16899251.18734619,13255823.700109534,13252509.744184509,13249196.616748456,13245884.317594267,13242572.846514866,13522290.394620502,13519315.490733689,13516341.241325721,13513367.646252632,13510394.705370449,14061669.687312147,14043811.36680926,14025975.726373415,14008162.73720092,13990372.370524675,15359757.481167464,15340250.589166377,15320768.470918138,15301311.094960075,15281878.429869477,15890496.53382001,15396530.215721551,14903195.15986775,14410490.668005057,13918416.042814188,13426970.587907966
19889412.200000003,21661362.700600006,21650532.019249704,21639706.75324008,21628886.89986346,21618072.45641353,24052936.18461086,24044036.598222554,24035140.30468121,24026247.302768476,24017357.591266457,16911085.734473843,16906012.408753507,16900940.60503088,16895870.32284937,16890801.561752517,13249195.78825948,13245883.489312418,13242572.018440085,13239261.375435472,13235951.56009161,13515529.249423193,13512555.832988322,13509583.07070506,13506610.962429507,13503639.508017765,14054638.852468492,14036789.461125858,14018962.738510229,14001158.65583232,13983377.184339415,15352077.602426881,15332580.463871796,15313108.086682681,15293660.439412594,15274237.490654543,15882551.285553101,15388831.950613692,14895743.562287819,14403285.422671054,13911456.834792782
19889412.200000003,19875290.717338,21645983.133082576,21635160.141516037,21624342.56144528,21613530.39016456,21602723.624969475,24035858.59991979,24026965.332237817,24018075.35506489,24009188.66718351,24000305.26737666,16899078.863602366,16894009.13994329,16888940.937201306,16883874.254920147,16878809.092643674,13239788.859249815,13236478.912035007,13233169.792306991,13229861.499858912,13226554.034483943,13505933.223656103,13502961.9183469,13499991.266724858,13497021.268646182,13494051.923967073,14044660.05888324,14026823.340608459,14009009.274965886,13991217.833186679,13973448.986538533,15341177.627329158,15321694.331742447,15302235.779941134,15282801.940500613,15263392.782036178,15871274.674140358,15377905.879928755,14885167.584358595,14393059.090020958
19889412.200000003,19875290.717338,19861179.26092869,21630614.48505809,21619799.177815557,21608989.27822666,21598184.78358754,21587385.69119575,24018793.140313845,24009906.186851926,24001022.521562792,23992142.143229812,23983265.05063682,16887080.51760921,16882014.39345393,16876949.789135896,16871886.704199154,16866825.138187896,13230388.609159749,13227081.012007462,13223774.241754454,13220468.298194014,13217163.18111946,13496344.011067308,13493374.815384874,13490406.272925481,13487438.383545443,13484471.147101056,14034688.350241434,14016864.296036627,13999062.878380662,13981284.068525113,13963527.83775809,15330285.391213754,15310815.92876691,15291371.192537377,15271951.151122857,15252555.773160933,15860006.069121718,15366987.566754006,14874599.1153737
19889412.200000003,19875290.717338,19861179.26092869,19847077.82365343,21615256.7487737,21604449.12039931,21593646.895839117,21582850.072391193,21572058.647354998,24001739.79718422,23992859.153459262,23983981.795572486,23975107.72230812,23966236.93245087,16875090.690441705,16870028.163234577,16864967.154785607,16859907.664639175,16854849.692339785,13220995.033247244,13217689.784488937,13214385.362042807,13211081.765702296,13207778.995260864,13486761.606819449,13483794.51926595,13480828.084471706,13477862.30229313,13474897.172586614,14024723.721512761,14006912.32238644,13989123.543737013,13971357.356836462,13953613.732993282,15319400.888585992,15299945.249457486,15280514.318990676,15261108.06580556,15241726.458561989,15848745.464812644,15356077.005581612
19889412.200000003,19875290.717338,19861179.26092869,19847077.82365343,19832986.398398638,21599909.916482072,21589109.961523823,21578315.406543072,21567526.248839796,21556742.485715374,23984698.56192822,23975824.22346031,23966953.16849763,23958085.39582528,23949220.90422883,16863109.376051493,16858050.443238683,16852993.02810571,16847937.13019728,16842882.749058224,13211608.126773639,13208305.22474195,13205003.148435758,13201701.897648647,13198401.472174231,13477186.006078608,13474221.025157273,13471256.696531732,13468293.0200585,13465329.995594079,14014766.167670488,13996967.414637545,13979191.26602096,13961437.693113107,13943706.667242859,15308524.113955095,15289082.28833037,15269665.153824193,15250272.679078838,15230904.832776409,15837492.855532628
21052155.6,19875290.717338,19861179.26092869,19847077.82365343,19832986.398398638,19818904.978055775,21584573.98044137,21573781.693451144,21562994.802604426,21552213.305203125,21541437.19855052,23967669.42594925,23958801.388261653,23949936.631748,23941075.155194245,23932216.957386825,16851136.5683945,16846081.227423985,16841027.403055754,16835975.09483484,16830924.30230639,13202227.88500363,13198927.328032386,13195627.59620037,13192328.689301316,13189030.607128987,13467617.20401429,13464654.328229409,13461692.104277194,13458730.532014258,13455769.611297207,14004815.683691442,13987029.567773152,13969266.040222086,13951525.072350997,13933806.635509115,15297655.061834188,15278227.039905656,15258823.691564977,15239444.985476693,15220090.890345138
21052155.6,21028787.707284,19853229.144641753,19839133.35194906,19825047.567269176,19810971.783496413,19796905.993530132,21560615.10332308,21549834.795771413,21539059.878373533,21528290.348434344,21517526.203260124,23941065.312886443,23932207.11872068,23923352.202086758,23914500.561771978,23905652.196564123,16832431.80680358,16827382.077261545,16822333.86263836,16817287.162479572,16812241.97633083,13187573.412051275,13184276.518698268,13180980.449568588,13177685.20445619,13174390.783155072,13452668.148917835,13449708.561925074,13446749.626041446,13443791.341123722,13440833.707028667,13989270.338282544,13971503.964952923,13953760.154917438,13936038.879520688,13918340.110143699,15280674.66471555,15261268.20789136,15241886.39726734,15222529.201542813
21052155.6,21028787.707284,21005445.752928913,19831192.0602912,19817111.913928397,19803041.764469504,19788981.60481673,19774931.427877314,21536682.82055839,21525914.479148105,21515151.52190854,21504393.946147583,21493641.749174505,23914490.73038914,23905642.3688189,23896797.281142436,23887955.46614841,23879116.922625937,16813747.807498027,16808703.683155783,16803661.072050832,16798619.97372922,16793580.387737103,13172935.2055639,13169641.971762512,13166349.561269566,13163057.973879244,13159767.20938577,13437735.687272534,13434779.385421336,13431823.733956538,13428868.732735075,13425914.381613864,13973742.24820705,13955995.595551822,13938271.481145479,13920569.876364417,13902890.752621438,15263713.115837716,15244328.200180598,15224967.903366372
21052155.6,21028787.707284,21005445.752928913,20982129.70814316,19809179.437104277,19795114.919703934,19781060.388110943,19767015.835235383,19752981.253992368,21512777.102627568,21502020.71407625,21491269.70371922,21480524.068867356,21469783.806832917,23887945.645678405,23879107.105789512,23870271.83616037,23861439.835580986,23852611.102841817,16795084.547431704,16790046.022067476,16785009.008260854,16779973.50555838,16774939.513506714,13158313.247485723,13155023.669173855,13151734.913256556,13148446.979528237,13145159.867783349,13422819.800659662,13419866.780303517,13416914.409611845,13413962.688441738,13411011.616650272,13958231.394311538,13940504.440440759,13922799.999801405,13905118.043801652,13887458.543886028,15246770.394279135,15227406.995878398
21052155.6,21028787.707284,21005445.752928913,20982129.70814316,20958839.544167124,19787191.24792909,19773142.34214306,19759103.411080137,19745074.44765827,19731055.444800436,21488897.920043655,21478153.471083622,21467414.39434809,21456680.68715091,21445952.34680733,23861430.026011698,23852601.296902083,23843775.83442223,23834953.637363493,23826134.704517663,16776442.003584053,16771409.070982981,16766377.648261685,16761347.73496721,16756319.330646724,13143707.519781012,13140421.59290107,13137136.48750284,13133852.203380961,13130568.740330108,13407920.47068093,13404970.72817738,13402021.634617176,13399073.189857569,13396125.39375579,13942737.757463854,13925030.48051187,13907345.691801626,13889683.362773031,13872043.464902315,15229846.479141485
25377882.6,21028787.707284,21005445.752928913,20982129.70814316,20958839.544167124,20935575.232273094,19765227.465643886,19751194.15414328,19737170.806293838,19723157.415021367,19709153.973256707,21465045.243352406,21454312.72073072,21443585.564370364,21432863.771588176,21422147.339702375,23834943.838682823,23826124.90946252,23817309.24324602,23808496.838826016,23799687.69499565,16757820.152960073,16752792.806914188,16747766.969072113,16742742.638981394,16737719.816189703,13129118.004434057,13125835.72493295,13122554.26600171,13119273.627435206,13115993.809028342,13393037.678958472,13390091.210669102,13387145.39060275,13384200.218616825,13381255.69456872,13927261.318553068,13909573.6966785,13891908.538083725,13874265.814240353,13856645.496656273
25377882.6,25342861.122012,20999767.980247945,20976458.23778987,20953174.369145922,20929916.345596172,20906684.13845256,19737951.4517413,19723937.506210558,19709933.510581154,19695939.45778864,19681955.34077361,21435423.480916582,21424705.76917611,21413993.416291527,21403286.41958338,21392584.776373588,23802051.61618544,23793244.857087463,23784441.356490336,23775641.113188434,23766844.12597655,16734694.361148987,16729673.952840647,16724655.050654793,16719637.6541396,16714621.76284336,13110999.821587935,13107722.071632542,13104445.141114628,13101169.029829346,13097893.73757188,13374555.286961507,13371612.884798378,13368671.129963718,13365730.022315133,13362789.561710214,13908041.697933462,13890378.484977085,13872737.70430117,13855119.3274167
25377882.6,25342861.122012,25307887.973663624,20970788.3004352,20947510.72542172,20924258.988516502,20901033.061039247,20877832.914341494,19710713.078737896,19696718.472451985,19682733.80233655,19668759.06133689,19654794.242403336,21405842.596512914,21395139.675214645,21384442.10537704,21373749.884324357,21363063.00938219,23769204.7849551,23760410.179184683,23751618.82741838,23742830.72845223,23734045.8810827,16711600.482930603,16706587.002785727,16701575.026684888,16696564.554176886,16691555.584810637,13092906.641834144,13089633.415173687,13086361.006819889,13083089.416568179,13079818.64421403,13356098.4006655,13353160.059017356,13350222.363804366,13347285.314884337,13344348.912115054,13888848.600390315,13871209.762667816,13853593.326269232
25377882.6,25342861.122012,25307887.973663624,25272963.088259965,20941848.612580597,20918603.160620634,20895383.511112347,20872189.63541501,20849021.504919704,19683512.294689238,19669537.000960004,19655571.62968933,19641616.173832245,19627670.62634882,21376302.533729725,21365614.382462848,21354931.57527162,21344254.109483987,21333581.982429236,23736403.282351863,23727620.813137405,23718841.593436543,23710065.62204697,23701292.897766806,16688538.474264156,16683531.912721884,16678526.853148064,16673523.29509212,16668521.238103598,13074838.430668414,13071569.721060747,13068301.828630477,13065034.753173314,13061768.494485013,13337666.98487258,13334732.698135909,13331799.056942316,13328866.061149795,13325933.710616335,13869681.989321776,13852067.493195334
25377882.6,25342861.122012,25307887.973663624,25272963.088259965,25238086.399198167,20912948.861495238,20889735.488258976,20866547.881867014,20843386.013718136,20820249.855242915,19656349.047722567,19642393.03989868,19628446.940840356,19614510.743512355,19600584.440884456,21346803.23623318,21336129.834615044,21325461.769697748,21314799.038812898,21304141.639293484,23703647.045822214,23694876.696415275,23686109.592037596,23677345.73148854,23668585.113567885,16665508.291169671,16660508.638682324,16655510.48609072,16650513.832944894,16645518.678795014,13056795.15363409,13053530.954845684,13050267.572106969,13047005.005213935,13043743.253962625,13319261.004433453,13316330.767012483,13313401.174243735,13310472.225985408,13307543.922095684,13850541.82817651
23400622.0,25342861.122012,25307887.973663624,25272963.088259965,25238086.399198167,25203257.839967273,20884088.992066372,20860907.653285176,20837752.04579003,20814622.141019203,20791517.910442676,19629223.286036707,19615286.537503615,19601359.684061997,19587442.71868631,19573535.634356037,21317344.64776718,21306685.975443278,21296032.632455558,21285384.616139334,21274741.92383126,23670936.01289898,23662177.76657422,23653422.760800585,23644670.99437909,23635922.46611116,16642509.889727859,16637517.136760945,16632525.881619912,16627536.123855427,16622547.863018274,13038776.776322074,13035517.082127996,13032258.202857457,13029000.138306739,13025742.888272155,13300880.424247336,13297954.230554005,13295028.680623278,13292103.774313549,13289179.511483192
23400622.0,23368329.14164,25307887.973663624,25272963.088259965,25238086.399198167,25203257.839967273,25168477.344148118,20855268.949257318,20832119.600723647,20808995.947966844,20785897.962464597,20762825.615726266,19602134.957901977,19588217.44208186,19574309.80769799,19560412.04773452,19546524.155180626,21287926.712153256,21277282.748797163,21266644.10742277,21256010.78536906,21245382.77997637,23638270.12120118,23629523.96125634,23620781.03739068,23612041.348406844,23603304.893107925,16619543.226080034,16614557.363112213,16609572.995903276,16604590.124004506,16599608.746967308,13020783.264370747,13017528.068554658,13014273.686537515,13011020.118115876,13007767.363086337,13282525.209261872,13279603.05371584,13276681.541044015,13273760.671104996
23400622.0,23368329.14164,23336080.847424533,25272963.088259965,25238086.399198167,25203257.839967273,25168477.344148118,25133744.845413193,20826488.67810734,20803371.275674645,20780279.533558648,20757213.423276395,20734172.91637656,19575084.01166007,19561185.702011786,19547297.260163367,19533418.679108646,19519549.95184648,21258549.373290487,21247920.098603822,21237296.13855453,21226677.49048525,21216064.15174,23605649.30843392,23596915.218189806,23588184.35955908,23579456.73134604,23570732.332355432,16596608.25642804,16591629.273951117,16586651.785168927,16581675.789633378,16576701.286896493,13002814.583465915,12999563.879820053,12996313.98885009,12993064.910352875,12989816.644125275,13264195.32447309,13261277.20150171,13258359.720517375
23400622.0,23368329.14164,23336080.847424533,23303877.055855088,25238086.399198167,25203257.839967273,25168477.344148118,25133744.845413193,25099060.27752652,20797748.123731554,20774662.623314217,20751602.74780234,20728568.468752272,20705559.757751964,19548070.395723976,19534191.26574301,19520321.989944343,19506462.561331477,19492612.97291293,21229212.575155348,21218597.96886775,21207988.66988332,21197384.675548382,21186785.9832106,23573073.51238828,23564351.475188702,23555632.66514289,23546917.08105678,23538204.72173678,16573704.937034171,16568732.825553063,16563762.205705393,16558793.077043682,16553825.439120576,12984870.69934073,12981624.481665902,12978379.075545477,12975134.480776588,12971890.697156383,13245890.734925319,13242976.638963636
23400622.0,23368329.14164,23336080.847424533,23303877.055855088,23271717.705518007,25203257.839967273,25168477.344148118,25133744.845413193,25099060.27752652,25064423.574343532,20769047.2313208,20745993.58889404,20722965.53601037,20699963.044265397,20676986.085286267,19521094.05857788,19507234.08179628,19493383.94559822,19479543.642996836,19465713.167010307,21199916.26180163,21189316.30367071,21178721.645518877,21168132.28469612,21157548.218553767,23540542.670941185,23531832.67015294,23523125.892064992,23514422.335484922,23505721.999220785,16550833.224221062,16545867.9742538,16540904.213861521,16535941.942597363,16530981.160014588,12966951.577775639,12963709.8398812,12960468.912421225,12957228.795193115,12953989.487994306,13227611.405711118
14487176.2,23368329.14164,23336080.847424533,23303877.055855088,23271717.705518007,23239602.73508439,25168477.344148118,25133744.845413193,25099060.27752652,25064423.574343532,25029834.669810936,20740385.94614158,20717364.11774137,20694367.843570676,20671397.09526431,20648451.84448857,19494154.94877704,19480314.098763406,19466483.07575329,19452661.8727695,19438850.482839834,21170660.377360344,21160075.047171645,21149495.009648062,21138920.26214324,21128350.80201216,23508056.722055286,23499358.741068132,23490663.978333943,23481972.43266195,23473284.10286186,16527993.074371638,16523034.676449329,16518077.76604639,16513122.342716575,16508168.406013766,12949057.184598308,12945819.920302164,12942583.465322083,12939347.819455748,12936112.982500874
14487176.2,14425026.214102,23268079.009622365,23235969.060589083,23203903.42328547,23171882.036561333,23139904.839350875,25060504.576341722,25025921.080026366,24991385.308935933,24956897.197209597,24922456.67907745,20651409.69043263,20628486.62567626,20605589.005521756,20582716.801725622,20559869.986075714,19410525.024046786,19396743.55127971,19382971.863358304,19369209.953335322,19355457.814268447,21079838.244341467,21069298.32521928,21058763.67605667,21048234.294218644,21037710.17707153,23407207.158717662,23398546.492068946,23389889.02986689,23381234.770925827,23372583.714060582,16457087.984082583,16452150.857687362,16447215.212430052,16442281.047866322,16437348.363551967,12893505.729276381,12890282.352844067,12887059.78225585,12883838.017310284
14487176.2,14425026.214102,14363142.851643503,23168258.950671084,23136286.753319155,23104358.67759957,23072474.662624486,23040634.647590064,24952995.011709217,24918559.878593054,24884172.265960597,24849832.108233564,24815539.33992421,20562815.142860673,20539990.418052107,20517191.028688066,20494416.946646217,20471668.143835448,19327253.871693626,19313531.521444723,19299818.914064497,19286116.04263551,19272422.90024524,20989405.73827324,20978911.03540409,20968421.579886384,20957937.36909645,20947458.400411893,23306790.240006767,23298166.72761797,23289546.40592876,23280929.273758553,23272315.329927266,16386487.076630868,16381571.130507883,16376656.659168728,16371743.662170975,16366832.139072329,12838192.589697786,12834983.041550366,12831774.295789974
14487176.2,14425026.214102,14363142.851643503,14301524.968809951,23068867.119772702,23037032.083147414,23005240.97887267,22973493.746321823,22941790.324951902,24845946.663108986,24811659.25671389,24777419.166939624,24743226.328489244,24709080.676155932,20474600.6658978,20451873.85915866,20429172.279174995,20406495.897945106,20383844.68749839,19244339.952584058,19230676.47121772,19217022.69092316,19203378.604812607,19189744.20600319,20899361.18765605,20888911.507062208,20878467.05130867,20868027.817783028,20857593.803874128,23206804.10987714,23198217.592356488,23189634.251847327,23181054.087174132,23172477.097161874,16316189.04707212,16311294.190358004,16306400.802100893,16301508.88186026,16296618.42919571,12783116.74348798,12779920.964302115
14487176.2,14425026.214102,14363142.851643503,14301524.968809951,14240171.426693756,22969901.67982888,22938203.21551071,22906548.495073304,22874937.458150104,22843370.044457857,24739357.551924247,24705217.238502584,24671124.03871345,24637077.887540024,24603078.720055223,20386764.629041098,20364135.320302874,20341531.130097337,20318952.03054292,20296397.993789025,19161781.734187473,19148176.869156197,19134581.6635791,19120996.11059796,19107420.203359433,20809702.928161003,20799298.07669691,20788898.427658558,20778503.97844474,20768114.72645551,23107246.920245763,23098697.23888528,23090150.7209069,23081607.365140155,23073067.17041505,16246192.596060183,16241318.738281367,16236446.34265988,16231575.40875708,16226705.936134458,12728277.172658417
16660778.399999999,14425026.214102,14363142.851643503,14301524.968809951,14240171.426693756,14179081.091273239,22871360.801622413,22839798.32371617,22808279.40202944,22776803.976454638,22745371.98696713,24633225.70802649,24599231.85654941,24565284.91658737,24531384.82340248,24497531.512346186,20299305.408782512,20276773.17977877,20254265.961549215,20231783.726331893,20209326.44639567,19079577.69054781,19066031.190387517,19052494.308242347,19038967.037283495,19025449.370687023,20720429.30259919,20710069.087947883,20699714.053403903,20689364.19637721,20679019.514279015,23008116.830957912,22999603.827730462,22991093.974314205,22982587.2695437,22974083.712253973,16176496.429823084,16171643.48089414,16166791.987849869,16161941.95025351,16157093.367668442
16660778.399999999,16535989.169783998,14316982.767758377,14255562.911684692,14194406.546793565,14133512.54270782,14072879.773899604,22700054.309218265,22668728.23427154,22637445.38930824,22606205.71467099,22575009.15078475,24448722.84747337,24414983.60994385,24381290.932562135,24347644.751075193,24314045.001318708,20147263.611270733,20124900.14866223,20102561.50949721,20080247.666221663,20057958.591312166,18936671.65364561,18923226.61677151,18909791.12587361,18896365.17417424,18882948.754900575,20565233.287122726,20554950.67047915,20544673.19514391,20534400.858546346,20524133.658117063,22835786.035894036,22827336.79506076,22818890.680446595,22810447.69089482,22802007.825249188,16055334.471563708,16050517.871222243,16045702.715860873,16040889.00504611
16660778.399999999,16535989.169783998,16412134.610902317,14209748.566827865,14148788.745476175,14088090.441758081,14027652.533762936,13967473.904393094,22530030.902442217,22498939.459796846,22467890.92334232,22436885.233868107,22405922.33224537,24265601.913345795,24232115.382705376,24198675.06347724,24165280.891889643,24131932.80425883,19996360.606822312,19974164.64654875,19951993.32379108,19929846.611201666,19907724.48146324,18794835.982959803,18781491.649411894,18768156.79034082,18754831.399019673,18741515.46872637,20411199.689802177,20400994.08995726,20390793.59291228,20380598.196115833,20370407.897017766,22664745.998485193,22656360.042465754,22647977.18925005,22639597.43769002,22631220.786638074,15935080.016371697,15930299.492366787,15925520.402519077
16660778.399999999,16535989.169783998,16412134.610902317,16289207.722666658,14103317.550062325,14042814.31777256,13982570.64434931,13922585.416285053,13862857.52484919,22361280.970982928,22330422.403242968,22299606.420326486,22268832.963466432,22238101.97397685,24083852.555014834,24050616.838488914,24017426.9872518,23984282.93800939,23951184.62755493,19846587.86587722,19824558.1533461,19802552.893795885,19780572.06008376,19758615.62509708,18654062.661447436,18640818.276957802,18627583.29598116,18614357.711841017,18601141.51786561,20258319.80412556,20248190.64422348,20238066.548901364,20227947.515626926,20217833.541869104,22494987.050956536,22486663.90574769,22478343.840102565,22470026.852881722,22461712.942946155,15815726.267049072,15810981.549168961
16660778.399999999,16535989.169783998,16412134.610902317,16289207.722666658,16167201.556823883,13997683.701612357,13937633.638532441,13877841.190223135,13818305.251517078,13759024.721988067,22193794.976510264,22163167.539442677,22132582.36823824,22102039.40457007,22071538.590191767,23903464.499377776,23870477.718368627,23837536.459117282,23804640.658803698,23771790.254694544,19697936.922761798,19676072.212777536,19654231.772621352,19632415.575353738,19610623.594065104,18514343.732113194,18501198.54806339,18488062.697094265,18474936.172579326,18461818.967896797,20106584.98879266,20096531.69629825,20086483.430450097,20076440.18873488,20066401.9686405,22326499.59794487,22318238.793093637,22309981.044740196,22301726.351753637,22293474.713003486,15697266.477308875
12866972.3,16535989.169783998,16412134.610902317,16289207.722666658,16167201.556823883,16046109.217163274,13892841.050687281,13833240.762579834,13773896.159708366,13714806.145183215,13655969.626820376,22027563.452136204,21997165.414572254,21966809.326300137,21936495.12942984,21906222.766151235,23724427.550277434,23691687.840258047,23658993.311038494,23626343.900269255,23593739.54568688,19550399.37521031,19528698.43190383,19507021.57664442,19485368.78269434,19463740.023345556,18375671.297559664,18362624.570938393,18349587.107493028,18336558.90064671,18323539.94382725,19955986.667226605,19946008.673892975,19936035.66955602,19926067.65172126,19916104.617895383,22159274.11595626,22151075.184533365,22142879.28671509,22134686.421379,22126496.58740309
12866972.3,12698929.641762001,16320029.15122662,16197792.132883932,16076470.669808634,15956057.904491764,15836547.030787122,13711400.546565307,13652578.638220543,13594009.075862575,13535690.776927121,13477622.663494103,21739883.4734513,21709882.43425794,21679922.796498664,21650004.503039483,21620127.496825296,23414586.52647081,23382274.39706428,23350006.85839633,23317783.84893174,23285605.30722021,19295071.159370065,19273653.63038317,19252259.874853443,19230889.86639235,19209543.578640662,18135685.03041354,18122808.694041938,18109941.49986917,18097083.44140426,18084234.512160867,19695361.481352627,19685513.80061193,19675671.04371162,19665833.208189778,19656000.291585673,21869873.996001877,21861782.142623357,21853693.283230595,21845607.416715793
12866972.3,12698929.641762001,12533081.620640589,16106889.5705116,15986248.96762847,15866511.962860933,15747671.788259104,15629721.726565044,13532329.655427165,13474275.961205382,13416471.31733181,13358914.655380454,13301604.91150887,21455960.59528803,21426351.36966653,21396783.00477639,21367255.44422979,21337768.631716758,23108792.026435103,23076901.893438622,23045055.768825673,23013253.591864694,22981495.301907916,19043077.530028693,19021939.71397037,19000825.36088786,18979734.444737267,18958666.939503618,17898832.98391634,17886124.812497754,17873425.663880885,17860735.531659525,17848054.409432046,19438140.060406163,19428420.990375943,19418706.779880747,19408997.42649082,19399292.927777566,21584253.44161409,21576267.2678407,21568284.048951603
12866972.3,12698929.641762001,12533081.620640589,12369399.574675024,15896533.592720717,15777468.556111243,15659295.316625971,15542007.19470444,15425597.560816105,13355597.430127285,13298301.917152042,13241252.201927459,13184447.229981188,13127885.951364566,21175745.749913573,21146523.22077869,21117341.018734016,21088199.08812815,21059097.37338654,22806991.20256986,22775517.554710314,22744087.340484813,22712700.49995494,22681356.973265,18794374.937486522,18773513.181305915,18752674.58167466,18731859.112889,18711066.7492737,17665074.22514639,17652532.022446536,17639998.7247106,17627474.325616054,17614958.818844862,19184277.951217256,19174685.812241632,19165098.469335508,19155515.920100853,19145938.16214079,21302363.091666616,21294481.2173227
12866972.3,12698929.641762001,12533081.620640589,12369399.574675024,12207855.216229767,15688924.863999788,15571414.81676843,15454784.919790834,15339028.580741603,15224139.256671846,13181173.327689823,13124626.094114035,13068321.448170286,13012258.349157633,12956435.760839745,20899190.510419704,20870349.62751532,20841548.545029346,20812787.208037194,20784065.561690114,22509131.897464298,22478069.2954458,22447049.55981808,22416072.63142553,22385138.45119416,18548920.400802948,18528331.099158056,18507764.651637994,18487221.032874666,18466700.217528187,17434368.35576598,17421989.954233386,17409620.34136588,17397259.510923505,17384907.45667075,18933731.28117436,18924264.415533755,18914802.283325985,18905344.88218434,18895892.20974323,21024154.22968945
8227793.0,12698929.641762001,12533081.620640589,12369399.574675024,12207855.216229767,12048420.627105808,15484027.50527595,15368052.139261436,15252945.428738369,15138700.867477119,15025311.997979714,13009027.204030193,12953218.477324907,12897649.170057183,12842318.255117634,12787224.709803179,20626247.08235362,20597782.86137997,20569357.921031263,20540972.207100227,20512625.66545444,22215162.634883415,22184505.710447278,22153891.092566855,22123318.722859114,22092788.543021563,18306671.50036846,18286351.095003057,18266053.245287605,18245777.926185325,18225525.112687267,17206675.505039677,17194458.765431095,17182250.699707642,17170051.301710848,17157860.565286633,18686456.750642225,18677113.522266887,18667774.96550575,18658441.07802301,18649111.857483983
8227793.0,8025718.40392,12387043.929760326,12225269.136037655,12065607.121121004,11908030.292119164,11752511.416504089,15103739.789746374,14990612.778721176,14878333.089008553,14766894.37417188,14656290.33530933,12689525.495899212,12635087.431521807,12580882.906440578,12526910.918771945,12473170.470930412,20119666.454011016,20091901.31430448,20064174.490490735,20036485.929693848,20008835.579110883,21669558.24057068,21639654.250198692,21609791.527333412,21579970.015025694,21550189.656404953,17857059.648319412,17837238.312109783,17817438.97758334,17797661.62031821,17777906.215919673,16784079.5546359,16772162.858152106,16760254.622522824,16748354.841740828,16736463.509803193,18227517.372846454,18218403.61416001,18209294.412352927,18200189.765146766
8227793.0,8025718.40392,7828606.759919725,12082818.130845413,11925016.52605657,11769275.810226273,11615569.068144718,11463869.736114748,14732791.940510202,14622443.328875782,14512921.228342503,14404219.448342217,14296331.844674133,12377870.749719927,12324769.684203632,12271896.422258396,12219249.986606907,12166829.40416436,19625527.4459005,19598444.21802516,19571398.36500428,19544389.835260566,19517418.577287916,21137353.89018226,21108184.34181381,21079055.047422104,21049965.95145666,21020916.99844365,17418490.263356686,17399155.739164367,17379842.676293895,17360551.0509232,17341280.83925668,16371862.560774043,16360238.53835589,16348622.76899366,16337015.246827673,16325415.966002427,17779849.546169344,17770959.621396236,17762074.14158554
8227793.0,8025718.40392,7828606.759919725,7636336.177896096,11786064.11755185,11632138.12017662,11480222.396327116,11330290.691831084,11182317.09539577,14370954.57045127,14263316.120718593,14156483.882974412,14050451.818690931,13945213.934568936,12073870.244106805,12022073.34075959,11970498.64612773,11919145.20693584,11868012.073998082,19143524.491829187,19117106.42803046,19090724.821159773,19064379.62090657,19038070.777029723,20618220.478639383,20589767.334378865,20561353.45545741,20532978.78768888,20504643.27696187,16990692.142488644,16971832.47421049,16952993.740164112,16934175.917112526,16915378.981844537,15969769.616281433,15958431.07985387,15947100.593787175,15935778.152365584,15924463.749877408,17343176.441315424,17334504.85309475
8227793.0,8025718.40392,7828606.759919725,7636336.177896096,7448787.761366968,11496598.382824777,11346452.807945084,11198268.13427332,11052018.752439711,10907679.38753285,14018003.926200986,13913009.076793743,13808800.63880856,13705372.722023882,13602719.480335923,11777335.990911542,11726811.219510535,11676503.199378835,11626411.000653496,11576533.697460689,18673359.530309863,18647590.29415803,18621856.61955209,18596158.4574171,18570495.75874587,20111836.983684,20084082.64864652,20056366.614591382,20028688.828663245,20001049.238079682,16573400.743469123,16555004.268643878,16536628.213905683,16518272.55658824,16499937.274050437,15577552.07450556,15566492.012532659,15555439.803203762,15544395.440943487,15533358.920180418,16917228.027916715
5769097.6,8025718.40392,7828606.759919725,7636336.177896096,7448787.761366968,7265845.533947796,11214241.926542599,11067783.926981952,10923238.668895569,10780581.171879794,10639786.781775042,13673721.749773491,13571305.573867688,13469656.49511942,13368768.767970975,13268636.68989887,11488084.618974753,11438800.735959355,11389728.28080209,11340866.346477445,11292214.029851053,18214741.820245452,18189605.47653351,18164503.82097589,18139436.80570294,18114404.382911075,19617890.267364718,19590817.578795757,19563782.250537015,19536784.231031276,19509823.468792446,16166358.021209523,16148413.363805983,16130488.624972159,16112583.782598434,16094698.814599756,15194967.395555701,15184178.968704857,15173398.201637078,15162625.088913914,15151859.625100788
5769097.6,5533199.199136,7697546.778383711,7508495.029506607,7324086.391581925,7144206.829804674,6968745.11006467,10755691.574166272,10615222.242207661,10476587.439724427,10339763.207761627,10204725.90026826,13114603.267425252,13016374.88895224,12918882.241033988,12822119.813048642,12726082.135648906,11018336.838904876,10971068.173865978,10924002.291400092,10877138.321569981,10830475.398170445,17469941.027215615,17445832.508598052,17421757.259736184,17397715.234717745,17373706.38769384,18815714.73433218,18789749.047998797,18763819.194312558,18737925.123824406,18712066.787153523,15505315.641722266,15488104.741359957,15470912.945097048,15453740.231727984,15436586.580070775,14573645.17875143,14563297.890674515,14552957.94917214,14542625.349028224
5769097.6,5533199.199136,5306946.683883329,7382794.090615602,7201472.667750083,7024604.49903014,6852080.21253396,6683793.122514126,10315891.345698614,10181165.80472379,10048199.779314097,9916970.290196255,9787454.658206291,12578347.139820233,12484135.319742983,12390629.146198107,12297823.333893085,12205712.637122225,10567797.045562055,10522461.196236596,10477319.837704744,10432372.135600984,10387617.259139255,16755595.13861277,16732472.417321479,16709381.605385572,16686322.658770138,16663295.53350104,18046340.158845335,18021436.209426127,17996566.627457116,17971731.36551123,17946930.376226816,14871303.28513224,14854796.138485748,14838307.314772028,14821836.793652628,14805384.55481168,13977728.827392284,13967804.639924835,13957887.49863049
5769097.6,5533199.199136,5306946.683883329,5089945.633979339,7080911.640250331,6907004.450365782,6737368.421064798,6571898.652643447,6410492.821734523,9894074.548572998,9764857.934968635,9637328.890337944,9511465.37503013,9387245.637232237,12064018.525272984,11973659.026518695,11883976.320410067,11794965.337770198,11706621.047390297,10135679.824369023,10092197.757922482,10048902.229540996,10005792.438976262,9962867.58941305,16070458.853394892,16048281.620177206,16026134.991541356,16004018.925253026,15981933.379136184,17308425.30975015,17284539.682822693,17260687.018060394,17236867.269975476,17213080.3931429,14263215.693803184,14247383.524383068,14231568.928671002,14215771.88716017,14199992.380365431,13406179.495640213,13396661.10819831
5769097.6,5533199.199136,5306946.683883329,5089945.633979339,4881817.757005924,6791373.1632804945,6624577.038390325,6461877.426327458,6303173.716736856,6148367.7702538,9489505.840281848,9365572.894007767,9243258.512012025,9122541.555845149,9003401.16312581,11570720.807774574,11484056.108924344,11398040.5286685,11312669.205108773,11227937.312762506,9721231.876350574,9679527.791601032,9638002.617375065,9596655.586146522,9555485.93368195,15413337.790879577,15392067.38472816,15370826.331737228,15349614.591399431,15328432.123263305,16600683.79883447,16577774.855192073,16554897.525891906,16532051.767306179,16509237.535867289,13679992.804083573,13664808.012071043,13649640.075177643,13634488.97469419,13619354.69193229,12858000.816063484
3941736.2600000007,5533199.199136,5306946.683883329,5089945.633979339,4881817.757005924,4682200.228921952,6513673.914633956,6353698.083290545,6197651.258364929,6045436.943459486,5896961.012128122,9101479.946472723,8982614.61837179,8865301.671455853,8749520.83162664,8635252.089565596,11097594.033944672,11014473.054630429,10931974.651451245,10850094.161311876,10768826.95604365,9323730.704926599,9283731.900202464,9243904.6903506,9204248.339228991,9164762.113853697,14783086.408610512,14762685.749366626,14742313.243032493,14721968.850757109,14701652.533743069,15921881.838300128,15899909.64136327,15877967.766058186,15856056.17054103,15834174.813025676,13120617.898324594,13106054.012457458,13091506.292503633,13076974.720518947,13062459.27857918
3941736.2600000007,3650126.611485201,5123853.12238392,4914338.768209641,4713391.455977549,4520660.879342627,4335811.055986306,6031792.318429336,5883651.499088712,5739149.018271091,5598195.518382354,5460703.836450884,8428152.460032672,8318080.7889046455,8209446.653801549,8102231.280502902,7996416.139979534,10276594.027313445,10199622.338048868,10123227.166736882,10047404.195258025,9972149.13783554,8633961.10737613,8596921.414225489,8560040.621358462,8523318.04709283,8486753.0126708,13689433.676101506,13670542.257628484,13651676.909312952,13632837.595178097,13614024.279296756,14743981.019902684,14723634.326095216,14703315.710725203,14683025.135044403,14662762.560358036,12149954.586206542,12136468.136615857,12122996.656984214,12109540.130694956
3941736.2600000007,3650126.611485201,3380090.244767526,4744790.468389958,4550775.986137492,4364694.75606433,4186222.3874888597,4015047.75406444,5585560.322711934,5448378.96118613,5314566.773899397,5184041.013932427,5056720.966630248,7804637.741039456,7702709.172141481,7602111.790353311,7502828.210371298,7404841.273943848,9516331.601172797,9445054.277480014,9374310.820941688,9304097.232892837,9234409.544618469,7995220.664652444,7960921.168001087,7926768.816190364,7892762.977968903,7858903.024793414,12676689.372743519,12659195.541409127,12641725.85156198,12624280.269886825,12606858.763114385,13653221.304050285,13634379.858650692,13615564.414445754,13596774.935553819,13578011.386142751,11251100.945918983,11238612.223869018,11226137.364300523
3941736.2600000007,3650126.611485201,3380090.244767526,3130031.1684596245,4393770.869538469,4214109.57868304,4041794.638010691,3876525.655262434,3718014.5212187525,5172340.570037706,5045307.8856375795,4921395.1239663195,4800525.659721706,4682624.749518942,7227250.640957357,7132862.747586455,7039707.560102974,6947768.979368029,6857031.116497483,8812313.389318034,8746309.162032042,8680799.306408424,8615780.119603425,8551247.926507594,7403734.239881458,7371972.219992367,7340346.459168602,7308856.372858765,7277501.379019198,11738867.892947953,11722668.255255682,11706490.973063424,11690336.015520599,11674203.351819184,12643155.991976649,12625708.436707716,12608284.959065057,12590885.525821548,12573510.103795912,10418744.497939896,10407179.691547189
3941736.2600000007,3650126.611485201,3380090.244767526,3130031.1684596245,2898471.462616982,4068719.700610013,3902349.7520520687,3742782.6706906604,3589740.287286119,3442955.80693899,4789690.814666316,4672056.008258112,4557310.312695291,4445382.771415495,4336204.1705495315,6692578.638539333,6605173.56152001,6518909.994806556,6433773.030274384,6349747.954498999,8160378.444776287,8099257.210224913,8038593.773720329,7978384.706355164,7918626.604904562,6856005.980815028,6826593.715157332,6797307.6281193085,6768147.178394674,6739111.826999358,10870426.446227666,10855425.25773187,10840444.770876193,10825484.957092384,10810545.787851602,11707815.311690215,11691658.52656008,11675524.037793424,11659411.814621273,11643321.82631709,9647965.779982302
1885155.44,3650126.611485201,3380090.244767526,3130031.1684596245,2898471.462616982,2684042.5438125776,3767715.8171588844,3613653.9173952574,3465891.608712966,3324171.300832692,3188245.9363416433,4435349.488197302,4326417.3047671765,4220160.495762093,4116513.3539861767,4015411.7860122775,6197461.670860194,6116522.82143876,6036641.033390768,5957802.501494685,5879993.600825164,7556673.647431739,7500074.161812475,7443898.6063405,7388143.805779009,7332806.608673723,6348798.658354333,6321562.312109992,6294442.8097910425,6267439.650137037,6240552.334037947,10066232.297735743,10052340.897164866,10038468.666726774,10024615.57996669,10010781.610466342,10841671.134931374,10826709.628765166,10811768.769477468,10796848.528575592,10781948.877606153
1885155.44,1667815.8693224,3229303.5144470716,2990399.640448278,2769169.8750479147,2564306.6876918697,2374599.278936425,3333335.860598637,3197035.757258758,3066308.965144448,2940927.5915596914,2820673.0623408156,3923998.045703036,3827624.653700569,3733618.1922056815,3641920.5294051105,3552474.961202922,5482956.314826721,5411348.905355085,5340676.688651146,5270927.451097364,5202089.138586031,6685464.742619334,6635390.611697113,6585691.536015503,6536364.706410747,6487407.33475973,5616845.661032662,5592749.393146831,5568756.498250233,5544866.532872737,5521079.05544671,8905696.37612979,8893406.515130728,8881133.614139844,8868877.64975233,8856638.598595679,9591734.869785136,9578498.275664829,9565279.948044412,9552079.86171611
1885155.44,1667815.8693224,1475533.3777482207,2856997.1122664693,2645636.465900996,2449912.2801536405,2268667.769667874,2100831.728067845,2949035.5692302203,2828449.504804395,2712794.2045529447,2601868.0495287743,2495477.6649835426,3471600.311013933,3386337.8073754306,3303169.3508262886,3222043.5115699954,3142910.1229258366,4850826.281290349,4787474.490056697,4724950.073216556,4663242.225260348,4602340.2817984475,5914697.512442751,5870396.428074554,5826427.158828275,5782787.219408652,5739474.143135281,4969279.524772206,4947961.315610933,4926734.561566964,4905598.87029784,4884553.85114426,7878958.6409257855,7868085.678001307,7857227.719765661,7846384.745512384,7835556.734563582,8485903.756647607,8474193.209463429,8462498.822834373
1885155.44,1667815.8693224,1475533.3777482207,1305419.1346276284,2527613.915193268,2340621.0377472704,2167461.8933747276,2007113.0625028652,1858626.838138903,2609041.258453668,2502357.5613954966,2400036.160710036,2301898.682098602,2207774.04498759,3071359.5111571364,2995926.921563117,2922346.9563695258,2850574.115121091,2780564.014853717,4291574.519320385,4235526.556098061,4180210.579275419,4125617.0291100824,4071736.470709904,5232792.036233226,5193598.423881838,5154698.371686963,5116089.680883029,5077770.169173215,4396371.28836122,4377510.855534149,4358731.333963908,4340032.376541202,4321413.637645838,6970593.4992134515,6960974.080184536,6951367.935953878,6941775.048202261,6932195.398635746,7507563.912543705,7497203.474344391
1885155.44,1667815.8693224,1475533.3777482207,1305419.1346276284,1154917.362596409,2236205.306910636,2070770.8383053872,1917575.211687555,1775712.9975269097,1644345.749969869,2308244.8917665444,2213860.75814221,2123335.9917417755,2036512.7830394541,1953239.7753409706,2717262.4731158298,2650526.506776105,2585429.575769683,2521931.4253887804,2459992.7895812322,3796798.8929879377,3747212.6994455154,3698274.101590756,3649974.641823981,3602305.9730017595,4629503.4423758965,4594828.461592501,4560413.196415173,4526255.701574024,4492354.046369234,3889513.6425260543,3872827.6289996165,3856213.198471209,3839670.043849767,3823197.8593616495,6166953.774689132,6158443.378480062,6149944.726617755,6141457.802895023,6132982.591127031,6642016.86906654
638670.48,1667815.8693224,1475533.3777482207,1305419.1346276284,1154917.362596409,1021766.939862669,1978393.1970769088,1832031.668357159,1696497.965532097,1570991.0460420323,1454769.1284558428,2042127.3381947796,1958624.7513359948,1878536.5852538664,1801723.2242828356,1728050.7616419103,2403989.282590306,2344947.305809888,2287355.3999791965,2231177.9513557074,2176380.220870412,3359065.948615358,3315196.547326442,3271900.0804183576,3229169.0653680945,3186996.1173743866,4095767.99050438,4065090.688255502,4034643.1590004675,4004423.6817395547,3974430.548363325,3441091.6146792257,3426329.3316522506,3411630.378819464,3396994.484494327,3382421.3781558448,5455965.6740052225,5448436.441375095,5440917.599085995,5433409.132799256,5425911.028195996
638670.48,523556.5126848,1367208.7370357309,1209583.2417428815,1070130.3898023446,946755.0571620322,837603.6666218217,1621807.607235767,1501826.2804524647,1390721.1722245917,1287835.6199034164,1192561.5407429617,1674054.3067585523,1605602.2261551954,1539949.1511277095,1476980.6303380972,1416586.8923635723,1970694.2542962292,1922294.0034107137,1875082.4626869461,1829030.4374033548,1784109.4498607288,2753627.902036926,2717665.521636324,2682172.8099237527,2647143.633026149,2612571.937178827,3357546.767895871,3332398.74260433,3307439.0760222236,3282666.357342817,3258079.18632632,2820869.262049442,2808767.7329152487,2796718.1193410438,2784720.19860907,2772773.7489570356,4472582.4209225215,4466410.257181648,4460246.611026736,4454091.470703518
638670.48,523556.5126848,429190.6868384917,1120783.034272411,991567.9582511445,877250.0883443701,776111.9256591477,686633.9817499046,1329493.0041075922,1231137.1116637127,1140057.5881428313,1055716.1277720246,977614.2486394504,1372322.7585083912,1316208.480912983,1262388.7161284513,1210769.6415259587,1161261.270883962,1615496.321901877,1575819.7322359667,1537117.599612251,1499365.991365774,1462541.5626178312,2257314.008973791,2227833.4880165933,2198737.9826630955,2170022.464609516,2141681.971221715,2752382.5384503193,2731767.193237326,2711306.256959978,2690998.5730953477,2670842.993782864,2312435.7862576507,2302515.4367346046,2292637.6455110144,2282802.2300117714,2273009.00844502,3666444.165375446,3661384.472427228,3656331.761855277
638670.48,523556.5126848,429190.6868384917,351833.35744272196,918773.1001751516,812847.7494559583,719134.5324211809,636225.512178343,562875.0728793018,1089865.18504724,1009236.9586574452,934573.6084559676,865433.852902395,801409.0564646758,1124975.3045148388,1078975.064313227,1034855.7739334592,992540.5213373199,951955.5394198368,1324319.264842283,1291793.9836977562,1260067.523458139,1229120.265082007,1198933.0713715935,1850455.7319963546,1826288.7801364828,1802437.4486678992,1778897.6155882971,1755665.2127287132,2256293.1097200336,2239393.4743282306,2222620.4172055116,2205972.9902806426,2189450.2525834404,1895642.3601425719,1887510.0544175599,1879412.6362841092,1871349.95607445,1863321.8647628897,3005604.269008176,3001456.5351169445
638670.48,523556.5126848,429190.6868384917,351833.35744272196,288418.9130972458,753173.4365995823,666340.0710940163,589517.7242975873,521552.2258633184,461422.46974353644,893427.8840943255,827332.0892290273,766126.061267864,709448.0552552673,656963.0881274827,922209.7556290843,884500.5987214111,848333.3692396926,813645.0177714814,780375.0729948054,1085623.9605471096,1058961.0360760726,1032952.9530300441,1007583.6285036262,982837.3745875774,1516929.590861332,1497118.4904046834,1477566.1229199972,1458269.1093546622,1439224.1147864899,1849618.8396240948,1835765.1945153102,1822015.3132083905,1808368.4185124598,1794823.7390578014,1553971.781150475,1547305.242209339,1540667.3027202615,1534057.839991591,1527476.7318580265,2463874.155562142
158666.83000000002,523556.5126848,429190.6868384917,351833.35744272196,288418.9130972458,236434.28820059824,617421.4563868736,546238.9366800309,483263.0496701902,427547.652673714,378255.68379696144,732396.4422651642,678213.7534663875,628039.4999849442,581577.1377760579,538552.0611233853,755990.6692744982,725078.210807864,695429.7627679303,666993.6397683497,639720.2698382217,889951.0978980988,868093.8989337215,846773.5127759089,825976.7553021326,805690.7661919126,1243518.2014044854,1227277.8536941432,1211249.6049248967,1195430.685084578,1179818.3603373729,1516243.539970248,1504886.875855871,1493615.2731557102,1482428.0947597742,1471324.7083300233,1273883.9073159134,1268418.9453535278,1262977.4280779616,1257559.2549115065,1252164.3257079357
158666.83000000002,123845.8074882,408656.80041099386,335000.49870491633,274620.00881834223,225122.49842892424,184546.41931209495,481922.14356821036,426361.3396362313,377206.14078957017,333718.0448179407,295243.6914308803,571664.7190456514,529372.9631306541,490209.95131824835,453944.2191197243,420361.42578924715,590080.9569955168,565952.5466639702,542810.7470308803,520615.21558478766,499327.2594195256,694642.4299533821,677582.011873727,660940.5976621079,644707.8965835266,628873.8706434354,970615.6969242571,957939.4559224267,945428.7666280789,933081.4669359166,920895.4229777332,1183488.7326883771,1174624.4020805415,1165826.4653089582,1157094.4250837942,1148427.7878399165,994317.3450163631,990051.7236062426,985804.4017119722,981575.3008286274
158666.83000000002,123845.8074882,96666.60657683964,318972.9789927972,261481.28925913543,214351.90168306883,175717.1149237125,144045.8621298626,376159.5099407309,332792.080039664,294424.48113189114,260480.28270219546,230449.5109094593,446207.1798038927,413196.77264200075,382628.4754019455,354321.62079170963,328108.90728553897,460581.79017328063,441748.60077309527,423685.50048748334,406361.00037255016,389744.89906731655,542196.2022758129,528879.8635479189,515890.57409918174,503220.3015993058,490861.2109920271,757604.3760772597,747710.0629256908,737944.9695038807,728307.4082021603,718795.71345104,923760.2954125861,916841.330799946,909974.1892322542,903158.4825549047,896393.8255205685,776104.4604790721,772774.9723436165,769459.7677122627
158666.83000000002,123845.8074882,96666.60657683964,75452.15309748641,248971.1690230379,204096.60551832558,167310.23333970256,137154.2368825546,112433.55722684294,293607.5438891381,259757.53015415935,229810.08450268628,203315.2798603716,179875.06124526935,348282.5521241304,322516.6089179873,298656.8301902346,276562.197892761,256102.1264926546,359502.5105018525,344802.45284743176,330703.4805505002,317181.01523079036,304211.48351800325,423205.823724363,412811.88869369257,402673.22870737535,392783.57421032223,383136.80962771684,591340.5197033442,583617.6125160188,575995.5664965592,568473.0643981141,561048.8061770748,721031.8609813399,715631.3323425897,710271.2536633438,704951.3219734053,699671.2365718245,605780.575582335,603181.7769130864
158666.83000000002,123845.8074882,96666.60657683964,75452.15309748641,58893.42357871205,194331.956269242,159305.56447127386,130592.32953097144,107054.36805630916,87758.88875784,229172.43230722783,202751.14258652754,179375.96335772675,158695.70854221447,140399.68030438252,271848.4632349687,251737.1139248458,233113.60223668575,215867.8579432157,199897.95381257663,280606.08954711596,269132.10654553445,258127.29470888744,247572.4696282411,237449.23134514224,330329.07364981424,322216.1916009748,314302.5619352548,306583.2910141249,299053.6053868181,461564.9292492483,455536.89127325325,449587.57947322424,443715.965685304,437921.0351734539,562794.2087703751,558578.880146685,554395.1243343863,550242.7048531218,546121.3869937719,472835.97046503576
